Item Title,Publication Title,Book Series Title,Journal Volume,Journal Issue,Item DOI,Authors,Publication Year,URL,Content Type
Generative AI and Usage in Marketing Classroom,Customer Needs and Solutions,,,,10.1007/s40547-024-00145-2,Min DingSongting DongRajdeep Grewal,2024,https://link.springer.com/article/10.1007/s40547-024-00145-2,Article
Current Trends and Future Prospects of Large-Scale Foundation Model in K-12 Education,Frontiers of Digital Education,,,,10.1007/s44366-025-0059-6,Qiannan ZhuMei WangTing ZhangHua Huang,2025,https://link.springer.com/article/10.1007/s44366-025-0059-6,Article
Entrepreneurship teaching exercises: integrating generative AI,Discover Education,,,,10.1007/s44217-024-00261-0,Jamey A. DarnellShalini Gopalkrishnan,2024,https://link.springer.com/article/10.1007/s44217-024-00261-0,Article
"Applications of ChatGPT in the diagnosis, management, education, and research of retinal diseases: a scoping review",International Journal of Retina and Vitreous,,,,10.1186/s40942-024-00595-9,Victor C. F. BellandaMateus Lins dos SantosDaniel Araujo FerrazRodrigo JorgeGustavo Barreto Melo,2024,https://link.springer.com/article/10.1186/s40942-024-00595-9,Article
Large Language Models (LLMs) and Generative Artificial Intelligence (GenAI),Natural Language Processing,,,,10.1007/978-981-96-3208-4_10,Raymond Lee,2025,https://link.springer.com/chapter/10.1007/978-981-96-3208-4_10,Chapter
An Adaptive Simulated Startup Financial Modeling Mentor Using a&#xa0;Large Language Model to&#xa0;Address Shortages in&#xa0;Skilled Advisors: Architecture and&#xa0;Design Considerations,Adaptive Instructional Systems,,,,10.1007/978-3-031-92967-0_4,Joseph Benjamin IlaganJose Ramon IlaganLois Abigail ToZachary Matthew Alabastro,2025,https://link.springer.com/chapter/10.1007/978-3-031-92967-0_4,Conference paper
How to intelligently embrace generative AI: the first guardrails for the use of GenAI in IB research,Journal of International Business Studies,,,,10.1057/s41267-024-00736-0,Andrew DeliosRosalie L. TungArjen van Witteloostuijn,2024,https://link.springer.com/article/10.1057/s41267-024-00736-0,Article
Evolution of Learning: Assessing the Transformative Impact of Generative AI on Higher Education,Frontiers of Digital Education,,,,10.1007/s44366-025-0058-7,Stefanie KrauseBhumi Hitesh PanchalNikhil Ubhe,2025,https://link.springer.com/article/10.1007/s44366-025-0058-7,Article
Pedagogical Applications of Generative AI in Higher Education: A Systematic Review of the Field,TechTrends,,,,10.1007/s11528-025-01100-1,Yufeng Qian,2025,https://link.springer.com/article/10.1007/s11528-025-01100-1,Article
"From ideas to ventures: building entrepreneurship knowledge with LLM, prompt engineering, and conversational agents",Education and Information Technologies,,,,10.1007/s10639-024-12775-z,Marsela Thanasi-BoçeJulian Hoxha,2024,https://link.springer.com/article/10.1007/s10639-024-12775-z,Article
"Public attitudes toward chatgpt on twitter: sentiments, topics, and occupations",Social Network Analysis and Mining,,,,10.1007/s13278-024-01260-7,Ratanond KoonchanokYanling PanHyeju Jang,2024,https://link.springer.com/article/10.1007/s13278-024-01260-7,Article
The role of generative AI in improving the sustainability and efficiency of HR recruitment process,Discover Sustainability,,,,10.1007/s43621-025-01484-3,Réka KoteczkiDániel CsikorBoglárka Eisinger Balassa,2025,https://link.springer.com/article/10.1007/s43621-025-01484-3,Article
Leveraging Generative AI Models in Urban Science,Principles and Advances in Population Neuroscience,,,,10.1007/7854_2024_482,J. Balsa-BarreiroM. CebriánM. MenéndezK. Axhausen,2024,https://link.springer.com/chapter/10.1007/7854_2024_482,Chapter
Comparative analysis of ChatGPT 3.5 and ChatGPT 4 obstetric and gynecological knowledge,Scientific Reports,,,,10.1038/s41598-025-08424-1,Franciszek ŁugowskiJulia BabińskaArtur LudwinPaweł Jan Stanirowski,2025,https://link.springer.com/article/10.1038/s41598-025-08424-1,Article
Poietic symbiosis or algorithmic subjugation: generative AI technology in marketing communications education,Education and Information Technologies,,,,10.1007/s10639-024-12877-8,Gulnara Z. KarimovaYevgeniya D. KimAmir Shirkhanbeik,2024,https://link.springer.com/article/10.1007/s10639-024-12877-8,Article
Chatbot development strategies: a review of current studies and applications,Knowledge and Information Systems,,,,10.1007/s10115-025-02462-x,Gulsum YigitRabia Bayraktar,2025,https://link.springer.com/article/10.1007/s10115-025-02462-x,Article
University Teachers Reflections on the Use of Generative AI in Higher Education: An Exploratory Study,Learning and Collaboration Technologies,,,,10.1007/978-3-031-93567-1_12,Jeanette SjöbergNina Bergdahl,2025,https://link.springer.com/chapter/10.1007/978-3-031-93567-1_12,Conference paper
SmartGridAgent: An Educational Framework for Reliable Digital Twin-Based Smart Grid Workforce Training with Locally Hosted LLMs,Smart Grids and Sustainable Energy,,,,10.1007/s40866-025-00274-0,Ali ImanifardBabak MajidiAbdolah Shamisa,2025,https://link.springer.com/article/10.1007/s40866-025-00274-0,Article
Every Truth Has Two Sides: The Impact of ChatGPT on Law and Business Education,Creativity and Critique in Digital Learning and Teaching,,,,10.1007/978-3-031-68086-1_3,Liz HardieFrancine RyanJacqueline Baxter,2025,https://link.springer.com/chapter/10.1007/978-3-031-68086-1_3,Chapter
Comparative analysis of leading artificial intelligence chatbots in the context of entrepreneurship,Journal of Innovation and Entrepreneurship,,,,10.1186/s13731-025-00527-3,Firuz KamalovDavid Santandreu CalongePatrik T. HultbergLinda SmailDima Jamali,2025,https://link.springer.com/article/10.1186/s13731-025-00527-3,Article
Interactive computer-aided diagnosis on medical image using large language models,Communications Engineering,,,,10.1038/s44172-024-00271-8,Sheng WangZihao ZhaoXi OuyangTianming LiuQian WangDinggang Shen,2024,https://link.springer.com/article/10.1038/s44172-024-00271-8,Article
Need a Guide by My Side Not a Sage on Stage: ChatGPT in Learning,ICT Analysis and Applications,,,,10.1007/978-981-97-8602-2_13,Pradnya Vishwas ChitraoPravin Kumar BhoyarRajiv Divekar,2025,https://link.springer.com/chapter/10.1007/978-981-97-8602-2_13,Conference paper
Field Note: A Case Study of Generative AI Responses Concerning Infrared Reflectance of Evergreen Coniferous and Broadleaf Deciduous Trees During Summer,Journal of Forestry,,,,10.1007/s44392-025-00023-2,Pete BettingerFred Maier,2025,https://link.springer.com/article/10.1007/s44392-025-00023-2,Article
"Generative Artificial Intelligence (GenAI) in entrepreneurial education and practice: emerging insights, the GAIN Framework, and research agenda",International Entrepreneurship and Management Journal,,,,10.1007/s11365-025-01089-2,Yogesh K. Dwivedi,2025,https://link.springer.com/article/10.1007/s11365-025-01089-2,Article
Turning Large Language Models into&#xa0;AI Assistants for&#xa0;Startups Using Prompt Patterns,Agile Processes in Software Engineering and Extreme Programming – Workshops,,,,10.1007/978-3-031-48550-3_19,Xiaofeng WangMohammad Idris AttalUsman RafiqSylvia Hubner-Benz,2024,https://link.springer.com/chapter/10.1007/978-3-031-48550-3_19,Conference paper
Fostering entrepreneurial success from the classroom: unleashing the potential of generative AI through technology-to-performance chain. A multi-case study approach,Education and Information Technologies,,,,10.1007/s10639-025-13316-y,Giulio Marchena SekliMay Portuguez-Castro,2025,https://link.springer.com/article/10.1007/s10639-025-13316-y,Article
ChatGPT and ethics in healthcare facilities: an overview and innovations in technical efficiency analysis,AI and Ethics,,,,10.1007/s43681-025-00672-1,Er-Rays YoussefM’dioud MeriemHamid Ait-Lemqeddem,2025,https://link.springer.com/article/10.1007/s43681-025-00672-1,Article
Augmenting Student Startups’ Customer Validation Efforts Through Adaptive Coaching Using Large Language Models,"HCI in Business, Government and Organizations",,,,10.1007/978-3-031-92823-9_14,Lois Abigail ToZachary Matthew AlabastroJoseph Benjamin IlaganJose Ramon Ilagan,2025,https://link.springer.com/chapter/10.1007/978-3-031-92823-9_14,Conference paper
Eight Months into Reality: A Scoping Review of the Application of ChatGPT in Higher Education Teaching and Learning,Innovative Higher Education,,,,10.1007/s10755-025-09790-4,Qian LiuAnjin HuTehmina GladmanSteve Gallagher,2025,https://link.springer.com/article/10.1007/s10755-025-09790-4,Article
"Students’ voices on generative AI: perceptions, benefits, and challenges in higher education",International Journal of Educational Technology in Higher Education,,,,10.1186/s41239-023-00411-8,Cecilia Ka Yuk ChanWenjie Hu,2023,https://link.springer.com/article/10.1186/s41239-023-00411-8,Article
Personalization capabilities of current technology chatbots in a learning environment: An analysis of student-tutor bot interactions,Education and Information Technologies,,,,10.1007/s10639-025-13369-z,Chee-Kit LooiFenglin Jia,2025,https://link.springer.com/article/10.1007/s10639-025-13369-z,Article
Questions for GenAI: Integrity During the Preparation and Assessment of Educational Tasks,"Artificial Intelligence, Pedagogy and Academic Integrity",,,,10.1007/978-3-031-92534-4_8,Artem ArtyukhovOleksandr Khyzhniak,2025,https://link.springer.com/chapter/10.1007/978-3-031-92534-4_8,Chapter
"Unveiling the landscape of generative artificial intelligence in education: a comprehensive taxonomy of applications, challenges, and future prospects",Education and Information Technologies,,,,10.1007/s10639-024-12936-0,Agariadne Dwinggo SamalaSoha RawasTianchong WangJanet Marie ReedJinhee KimNatalie-Jane HowardMyriam Ertz,2024,https://link.springer.com/article/10.1007/s10639-024-12936-0,Article
Ethical Education Data Mining Framework for&#xa0;Analyzing and&#xa0;Evaluating Large Language Model-Based Conversational Intelligent Tutoring Systems for&#xa0;Management and&#xa0;Entrepreneurship Courses,Proceedings of Ninth International Congress on Information and Communication Technology,,,,10.1007/978-981-97-4581-4_6,Joseph Benjamin R. IlaganJose Ramon S. IlaganMaria Mercedes T. Rodrigo,2024,https://link.springer.com/chapter/10.1007/978-981-97-4581-4_6,Conference paper
Enhancing Multilingual Fake News Detection Through LLM-Based Data Augmentation,Complex Networks & Their Applications XIII,,,,10.1007/978-3-031-82435-7_21,Razieh ChalehchalehReza FarahbakhshNoel Crespi,2025,https://link.springer.com/chapter/10.1007/978-3-031-82435-7_21,Conference paper
"Generative AI and human–robot interaction: implications and future agenda for business, society and ethics",AI & SOCIETY,,,,10.1007/s00146-024-01889-0,Bojan ObrenovicXiao GuGuoyu WangDanijela GodinicIlimdorjon Jakhongirov,2024,https://link.springer.com/article/10.1007/s00146-024-01889-0,Article
Student Perspectives on Generative AI Use in Higher Education: The Automation and Augmentation of Learning,Advances in ICT Research in the Balkans,,,,10.1007/978-3-031-84093-7_12,Liana RazmeritaSarah Emilie MortensenZsofia Mate-TothJonathan P. Allen,2025,https://link.springer.com/chapter/10.1007/978-3-031-84093-7_12,Conference paper
Evaluating the role of Artificial Intelligence in sustainable development goals with an emphasis on “quality education”,Discover Sustainability,,,,10.1007/s43621-024-00682-9,Hatoon S. AlSagriShahab Saquib Sohail,2024,https://link.springer.com/article/10.1007/s43621-024-00682-9,Article
Transforming marketing landscapes: a systematic literature review of generative AI using the TCCM model framework,Management Review Quarterly,,,,10.1007/s11301-025-00486-9,Akshara PrasannaBijay Prasad Kushwaha,2025,https://link.springer.com/article/10.1007/s11301-025-00486-9,Article
"Integrating Generative AI in Education: Themes, Challenges, and Future Directions",Generative Artificial Intelligence (AI) Approaches for Industrial Applications,,,,10.1007/978-3-031-76710-4_8,Eriona ÇelaAlexey VedishchevMathias FonkamPhilip EappenRajasekhara Mouly PotluriNarasimha Rao Vajjhala,2025,https://link.springer.com/chapter/10.1007/978-3-031-76710-4_8,Chapter
Metacognitions about generative AI use: psychometric and network analysis among Chinese college students,Education and Information Technologies,,,,10.1007/s10639-025-13584-8,Yuntian XieYing LiTaowen YuYuxuan Liu,2025,https://link.springer.com/article/10.1007/s10639-025-13584-8,Article
Information Architecture and Evolving Information Spaces,Information Architecture and UX Design,,,,10.1007/978-3-031-72138-0_2,Wei DingXia LinMichael Zarro,2025,https://link.springer.com/chapter/10.1007/978-3-031-72138-0_2,Chapter
ChatGPT in higher education - a synthesis of the literature and a future research agenda,Education and Information Technologies,,,,10.1007/s10639-024-12723-x,Pritpal Singh BhullarMahesh JoshiRitesh Chugh,2024,https://link.springer.com/article/10.1007/s10639-024-12723-x,Article
The GenAI is out of the bottle: generative artificial intelligence from a business model innovation perspective,Review of Managerial Science,,,,10.1007/s11846-023-00696-z,Dominik K. KanbachLouisa HeidukGeorg BlueherMaximilian SchreiterAlexander Lahmann,2023,https://link.springer.com/article/10.1007/s11846-023-00696-z,Article
"Perceptions of generative AI in the architectural profession in Egypt: opportunities, threats, concerns for the future, and steps to improve",AI & SOCIETY,,,,10.1007/s00146-025-02193-1,Sara ElrawyBahaa Wagdy,2025,https://link.springer.com/article/10.1007/s00146-025-02193-1,Article
The Effects of Conversational Agents on Human Learning and How We Used Them: A Systematic Review of Studies Conducted Before Generative AI,TechTrends,,,,10.1007/s11528-025-01066-0,Ngocvan BuiJessica CollierYunus Emre OzturkDonggil Song,2025,https://link.springer.com/article/10.1007/s11528-025-01066-0,Article
Prabodhini: Making Large Language Models Inclusive for&#xa0;Low-Text Literate Users,Advances in Information Retrieval,,,,10.1007/978-3-031-88717-8_35,Vivan JainSrivant VishnuvajjalaPranathi VooraBhaskar Ruthvik BikkinaBharghavaram BoddapatiC. R. ChaitraDipanjan ChakrabortyPrajna Upadhyay,2025,https://link.springer.com/chapter/10.1007/978-3-031-88717-8_35,Conference paper
Unravelling the Impact of Generative Artificial Intelligence (GAI) in Industrial Applications: A Review of Scientific and Grey Literature,Global Journal of Flexible Systems Management,,,,10.1007/s40171-023-00356-x,Arpan Kumar KarP. S. VarshaShivakami Rajan,2023,https://link.springer.com/article/10.1007/s40171-023-00356-x,Article
AI-enabled networked learning: A posthuman connectivist approach in an English for specific purposes classroom,Education and Information Technologies,,,,10.1007/s10639-025-13497-6,Humaira Mariyam B.V. K. Karthika,2025,https://link.springer.com/article/10.1007/s10639-025-13497-6,Article
Entrepreneurship education in the era of generative artificial intelligence,Entrepreneurship Education,,,,10.1007/s41959-023-00099-x,Robin BellHeather Bell,2023,https://link.springer.com/article/10.1007/s41959-023-00099-x,Article
Generative artificial intelligence for sustainable development: predictive trend analysis in key sectors using natural language processing,Discover Applied Sciences,,,,10.1007/s42452-025-07207-7,Chetan SharmaShamneesh SharmaVivek BhardwajBalwinder Kaur Dhaliwal,2025,https://link.springer.com/article/10.1007/s42452-025-07207-7,Article
Reliability and accuracy of artificial intelligence ChatGPT in providing information on ophthalmic diseases and management to patients,Eye,,,,10.1038/s41433-023-02906-0,Francesco CappellaniKevin R. CardCarol L. ShieldsJose S. PulidoJulia A. Haller,2024,https://link.springer.com/article/10.1038/s41433-023-02906-0,Article
Efficacy of Various Large Language Models in Generating Smart Contracts,Advances in Information and Communication,,,,10.1007/978-3-031-85363-0_31,Siddhartha ChatterjeeBina Ramamurthy,2025,https://link.springer.com/chapter/10.1007/978-3-031-85363-0_31,Conference paper
Exploring the&#xa0;Use of&#xa0;Generative AI in&#xa0;Education: Broadening the&#xa0;Scope,Learning and Collaboration Technologies,,,,10.1007/978-3-031-61691-4_19,Irfan JahićMartin EbnerSandra SchönSarah Edelsbrunner,2024,https://link.springer.com/chapter/10.1007/978-3-031-61691-4_19,Conference paper
A Dynamic Query Framework for&#xa0;Research Accessibility Using OpenAI and&#xa0;Langchain,Intelligent Computing,,,,10.1007/978-3-031-92605-1_11,Louise Gabrielle L. TalipReginald Neil C. Recario,2025,https://link.springer.com/chapter/10.1007/978-3-031-92605-1_11,Conference paper
Evaluating ChatGPT-3’s efficacy in solving coding tasks: implications for academic integrity in English language assessments,Language Testing in Asia,,,,10.1186/s40468-024-00333-w,Seyedeh Elham Elhambakhsh,2025,https://link.springer.com/article/10.1186/s40468-024-00333-w,Article
"AI for academic success: investigating the role of usability, enjoyment, and responsiveness in ChatGPT adoption",Education and Information Technologies,,,,10.1007/s10639-025-13398-8,Minseong KimJihye KimTami L. KnottsNancy D. Albers,2025,https://link.springer.com/article/10.1007/s10639-025-13398-8,Article
Enhancing AI competence in health management: students’ experiences with ChatGPT as a learning Tool,BMC Medical Education,,,,10.1186/s12909-024-05595-9,Lior Naamati-Schneider,2024,https://link.springer.com/article/10.1186/s12909-024-05595-9,Article
Überlegungen zu Entrepreneurship Research und Entrepreneurship Education,Handbuch Entrepreneurship,,,,10.1007/978-3-658-05263-8_3-2,Heinz Klandt,2025,https://link.springer.com/rwe/10.1007/978-3-658-05263-8_3-2,Living reference work entry
The future of artificial intelligence: evaluating ChatGPT's performance in X sentiment prediction,Discover Artificial Intelligence,,,,10.1007/s44163-024-00218-0,Laila MalasAhmad ShawaqfehAhmad Abushakra,2024,https://link.springer.com/article/10.1007/s44163-024-00218-0,Article
Empowering Education with Generative Artificial Intelligence: Opportunities and Challenges,Radical Solutions for Artificial Intelligence and Digital Transformation in Education,,,,10.1007/978-981-97-8638-1_4,Ashraf DarwishAboul Ella HassanienMohamed Jemni,2024,https://link.springer.com/chapter/10.1007/978-981-97-8638-1_4,Chapter
Role of ChatGPT in Decision Making Across Industries: An Indian Perspective,Computation of Artificial Intelligence and Machine Learning,,,,10.1007/978-3-031-71481-8_8,Debajani SahooShubhangi V. Urkude,2025,https://link.springer.com/chapter/10.1007/978-3-031-71481-8_8,Conference paper
Integrating Generative Artificial Intelligence into Supply Chain Management Education Using the SCOR Model,Advanced Information Systems Engineering Workshops,,,,10.1007/978-3-031-61003-5_6,Joachim C. F. EhrenthalPhillip GachnangLouisa LoranHellmer RahmsFabian Schenker,2024,https://link.springer.com/chapter/10.1007/978-3-031-61003-5_6,Conference paper
Preliminary Systematic Review of Open-Source Large Language Models in Education,Generative Intelligence and Intelligent Tutoring Systems,,,,10.1007/978-3-031-63028-6_6,Michael Pin-Chuan LinDaniel ChangSarah HallGaganpreet Jhajj,2024,https://link.springer.com/chapter/10.1007/978-3-031-63028-6_6,Conference paper
Comparing lesson plan-driven and ask-me-anything chatbots: teaching a UNIX Shell course,Discover Education,,,,10.1007/s44217-025-00492-9,Jose Berengueres,2025,https://link.springer.com/article/10.1007/s44217-025-00492-9,Article
ChatGPT as a Learning Tool in Business Education. Research on Students’ Motivation,"Artificial Intelligence for Knowledge Management, Energy and Sustainability",,,,10.1007/978-3-031-61069-1_7,Aleksander BinsztokBeata ButrynKatarzyna HołowińskaMieczysław L. OwocMałgorzata Sobińska,2024,https://link.springer.com/chapter/10.1007/978-3-031-61069-1_7,Conference paper
Teaching Innovation with AI Assistants: Application and Impact Evaluation in Biochemistry Education,Frontiers of Digital Education,,,,10.1007/s44366-025-0047-x,Ying WangCheng GuBangsiqin DingJing Zhao,2025,https://link.springer.com/article/10.1007/s44366-025-0047-x,Article
Hospitality Management Education,The Contemporary Hotel Industry,,,,10.1007/978-3-031-52803-3_7,Charalampos GiousmpasoglouEvangelia Marinakou,2024,https://link.springer.com/chapter/10.1007/978-3-031-52803-3_7,Chapter
Chat GPT in Higher Education: An Analysis of Research Trends and Themes,General Aspects of Applying Generative AI in Higher Education,,,,10.1007/978-3-031-65691-0_2,Ghita IbrahimiBouchra Benchekroun,2024,https://link.springer.com/chapter/10.1007/978-3-031-65691-0_2,Chapter
Performance of ChatGPT on basic healthcare leadership and management questions,Health and Technology,,,,10.1007/s12553-024-00897-w,Patricia Leutz-SchmidtMartin GrözingerHans-Ulrich KauczorHyungseok JangSam Sedaghat,2024,https://link.springer.com/article/10.1007/s12553-024-00897-w,Article
Negotiating identity in the age of ChatGPT: non-native English researchers’ experiences with AI-assisted academic writing,Humanities and Social Sciences Communications,,,,10.1057/s41599-025-05351-4,Hengzhi HuQing ZhouHarwati Hashim,2025,https://link.springer.com/article/10.1057/s41599-025-05351-4,Article
GenAI and me: the hidden work of building and maintaining an augmentative partnership,Personal and Ubiquitous Computing,,,,10.1007/s00779-024-01810-y,"Nina  Boulus-Rødje
Jocelyn  Cranefield
Cathal DoyleBenedicte Fleron",2024,https://link.springer.com/article/10.1007/s00779-024-01810-y,Article
Digital Environments for Open-Access Entrepreneurship Education,"Towards a Hybrid, Flexible and Socially Engaged Higher Education",,,,10.1007/978-3-031-53382-2_10,Ioan SusneaAdina CocuEmilia PecheanuCornelia TudorieAdrian Istrate,2024,https://link.springer.com/chapter/10.1007/978-3-031-53382-2_10,Conference paper
Continuance Intention of ChatGPT Use by Students,"Transfer, Diffusion and Adoption of Next-Generation Digital Technologies",,,,10.1007/978-3-031-50188-3_14,Christina Sanchita ShahSmriti MathurSushant Kr. Vishnoi,2024,https://link.springer.com/chapter/10.1007/978-3-031-50188-3_14,Conference paper
"Guide, don’t hide: reprogramming learning in the wake of AI",Nature,,,,10.1038/d41586-024-02837-0,Monique Brouillette,2024,https://www.nature.com/articles/d41586-024-02837-0,Article
ChatGPT in Academia: University Students’ Attitudes Towards the use of ChatGPT and Plagiarism,Journal of Academic Ethics,,,,10.1007/s10805-025-09603-5,Balázs FajtEmese Schiller,2025,https://link.springer.com/article/10.1007/s10805-025-09603-5,Article
The Emergency of Chatbots and Student Learning Dilemma: A Comprehensive Review,Redefining Education and Development,,,,10.1007/978-3-031-69954-2_10,Innocent Mudhombo,2024,https://link.springer.com/chapter/10.1007/978-3-031-69954-2_10,Chapter
Catalyst for future education: An empirical study on the Impact of artificial intelligence generated content on college students’ innovation ability and autonomous learning,Education and Information Technologies,,,,10.1007/s10639-024-13209-6,Dongxuan WangYu LiuXin JingQi LiuQingjiao Lu,2024,https://link.springer.com/article/10.1007/s10639-024-13209-6,Article
Conclusions: Business Education That Makes an Impact on Social Sustainability Within and Beyond the Classroom,The Palgrave Handbook of Social Sustainability in Business Education,,,,10.1007/978-3-031-50168-5_29,Marina A. SchmitzSoo Min TohAušrinė ŠilenskytėMiguel Cordova,2024,https://link.springer.com/chapter/10.1007/978-3-031-50168-5_29,Chapter
Generating domain models from natural language text using NLP: a benchmark dataset and experimental comparison of tools,Software and Systems Modeling,,,,10.1007/s10270-024-01176-y,Fatma BozyigitTolgahan BardakciAlireza KhalilipourMoharram ChallengerGuus RamackersÖnder BaburMichel R. V. Chaudron,2024,https://link.springer.com/article/10.1007/s10270-024-01176-y,Article
Empowering Canadian Geography Students and Faculty: New Approaches to Curriculum and Course Material Development Using Generative AI as a Writing Assistant,Powerful Geography,,,,10.1007/978-3-031-54845-1_5,Terence DayAndrew J. Perkins,2024,https://link.springer.com/chapter/10.1007/978-3-031-54845-1_5,Chapter
Marketing analytics in 2024 conferences: AI and data-driven decision-making,Journal of Marketing Analytics,,,,10.1057/s41270-024-00357-4,Maria PetrescuAnjala S. Krishen,2024,https://link.springer.com/article/10.1057/s41270-024-00357-4,Article
Is there any room for ChatGPT AI bot in speech-language pathology?,European Archives of Oto-Rhino-Laryngology,,,,10.1007/s00405-025-09295-y,Namık Yücel BirolHilal Berber ÇiftciAyşegül YılmazAyhan ÇağlayanFerhat Alkan,2025,https://link.springer.com/article/10.1007/s00405-025-09295-y,Article
VizAgent: Towards an Intelligent and Versatile Data Visualization Framework Powered by Large Language Models,Advances in Information and Communication Technology,,,,10.1007/978-3-031-80943-9_10,Hue Luong-Thi-MinhVinh Nguyen-TheTruong Quach Xuan,2025,https://link.springer.com/chapter/10.1007/978-3-031-80943-9_10,Conference paper
Increasing the presence of BIPOC researchers in computational science,Nature Computational Science,,,,10.1038/s43588-024-00693-6,Christine Yifeng ChenAlan ChristoffelsRoger DubeKamuela EnosJuan E. GilbertSanmi KoyejoJason LeighCarlo LiquidoAmy McKeeKari NoeTai-Quan PengKaraitiana Taiuru,2024,https://link.springer.com/article/10.1038/s43588-024-00693-6,Article
Editorial,Datenbank-Spektrum,,,,10.1007/s13222-025-00501-z,Alexander BöhmNorman MayUta Störl,2025,https://link.springer.com/article/10.1007/s13222-025-00501-z,Article
Artificial Intelligence and Cyber Security,"Machine Learning, Optimization, and Data Science",,,,10.1007/978-3-031-82481-4_8,Martti Lehto,2025,https://link.springer.com/chapter/10.1007/978-3-031-82481-4_8,Conference paper
Editorial,Datenbank-Spektrum,,,,10.1007/s13222-024-00493-2,Maximilian E. SchüleMeike KlettkeUta Störl,2024,https://link.springer.com/article/10.1007/s13222-024-00493-2,Article
Ethical use of artificial intelligence based tools in higher education: are future business leaders ready?,Education and Information Technologies,,,,10.1007/s10639-024-13099-8,Sabiha MumtazJamie CarmichaelMichael WeissAmanda Nimon-Peters,2024,https://link.springer.com/article/10.1007/s10639-024-13099-8,Article
Use of ChatGPT at University as a Tool for Complex Thinking: Students’ Perceived Usefulness,Journal of New Approaches in Educational Research,,,,10.7821/naer.2023.7.1458,José-María Romero-RodríguezMaría-Soledad Ramírez-MontoyaMariana Buenestado-FernándezFernando Lara-Lara,2023,https://link.springer.com/article/10.7821/naer.2023.7.1458,Article
Empowering the Application of Digital Humanism for Achieving Inclusive Business Education,The Palgrave Handbook of Social Sustainability in Business Education,,,,10.1007/978-3-031-50168-5_26,Thomas Narowetz,2024,https://link.springer.com/chapter/10.1007/978-3-031-50168-5_26,Chapter
Social Sustainability and Advanced Technology Applications in Business: Discussing AI and Blockchain Innovations Within Business Education,The Palgrave Handbook of Social Sustainability in Business Education,,,,10.1007/978-3-031-50168-5_4,Aušrinė ŠilenskytėGerda ŽigienėJurgita Butkevičienė,2024,https://link.springer.com/chapter/10.1007/978-3-031-50168-5_4,Chapter
Integrating Professional Intellectual Property Education with Curriculum-Based Ideological and Political Education in the Era of AI,Frontiers of Digital Education,,,,10.1007/s44366-025-0065-8,Yingxue RenJingwen RenYun ChenQuanwei Liu,2025,https://link.springer.com/article/10.1007/s44366-025-0065-8,Article
Barriers to and&#xa0;Opportunities for the Adoption of Generative Artificial Intelligence in Higher Education in the Global South: Insights from Sri Lanka,International Journal of Artificial Intelligence in Education,,,,10.1007/s40593-024-00439-5,Amali HenadirageNuwan Gunarathne,2024,https://link.springer.com/article/10.1007/s40593-024-00439-5,Article
Human-AI Co-Innovation: Navigating the Innovative Problem-Solving Landscape with the Process Model and Technology Empowerment,Technology in Education. Digital and Intelligent Education,,,,10.1007/978-981-96-0205-6_2,Zehui ZhanChaocheng ZhongJiayi ZhengWeisen Zhong,2024,https://link.springer.com/chapter/10.1007/978-981-96-0205-6_2,Conference paper
Employing Generative Artificial Intelligence in Replacement of Traditional Backend Systems,"Automation 2024: Advances in Automation, Robotics and Measurement Techniques",,,,10.1007/978-3-031-78266-4_5,Artur MorozIllia SolohubovAndrii OliinykSergey SubbotinStepan Skrupsky,2024,https://link.springer.com/chapter/10.1007/978-3-031-78266-4_5,Conference paper
How Entrepreneurs Learn About Artificial Intelligence by Using an Analogue Card Game,Simulation and Gaming across Borders,,,,10.1007/978-3-031-86555-8_17,Maria FreeseBirgit ZürnHelmut Wittenzellner,2025,https://link.springer.com/chapter/10.1007/978-3-031-86555-8_17,Conference paper
What drives Chinese university students’ long-term use of GenAI? Evidence from the heuristic-systematic model,Education and Information Technologies,,,,10.1007/s10639-025-13403-0,Yin LiuZaozao ZhangYingkai Wu,2025,https://link.springer.com/article/10.1007/s10639-025-13403-0,Article
Emergent Issues and Future Considerations,Generative AI in Higher Education,,,,10.1007/978-3-031-60179-8_7,Adebowale OwoseniOluwaseun KoladeAbiodun Egbetokun,2024,https://link.springer.com/chapter/10.1007/978-3-031-60179-8_7,Chapter
Envisioning General AI in Higher Education: Transforming Learning Paradigms and Pedagogies,Creative Approaches to Technology-Enhanced Learning for the Workplace and Higher Education,,,,10.1007/978-3-031-72430-5_28,Agostino MarengoPolixeni Jenny Pange,2024,https://link.springer.com/chapter/10.1007/978-3-031-72430-5_28,Conference paper
Designing a GAI-Assisted Pedagogical Task for Teaching Negotiation Skills: A Design Thinking Approach,New Technology in Education and Training,,,,10.1007/978-981-97-3883-0_2,Thanh-Thao LuongMinh-Tuan Tran,2024,https://link.springer.com/chapter/10.1007/978-981-97-3883-0_2,Conference paper
The art of the elevator pitch: state-of-the-art and research agenda,International Entrepreneurship and Management Journal,,,,10.1007/s11365-025-01083-8,Léo-Paul DanaEdoardo CroccoElisa GiacosaFrancesca Culasso,2025,https://link.springer.com/article/10.1007/s11365-025-01083-8,Article
Creative Application of Artificial Intelligence in Education,Creative Applications of Artificial Intelligence in Education,,,,10.1007/978-3-031-55272-4_1,Alex UrmenetaMargarida Romero,2024,https://link.springer.com/chapter/10.1007/978-3-031-55272-4_1,Chapter
The role of ChatGPT in sports trauma: a mini review on strengths and limits of open AI application,Discover Artificial Intelligence,,,,10.1007/s44163-023-00093-1,Muhammad HasnainBilal MehboobShahid Imran,2023,https://link.springer.com/article/10.1007/s44163-023-00093-1,Article
Pictures or It didn’t Happen! How the Use of the Generative AI Images Impacts the Perceived Believability of News Headlines,Information Systems and Neuroscience,,,,10.1007/978-3-031-71385-9_4,Lotte Lie DuestadHanne Celine FossJeno TothRob Gleasure,2025,https://link.springer.com/chapter/10.1007/978-3-031-71385-9_4,Conference paper
Generative artificial intelligence attitude analysis of undergraduate students and their precise improvement strategies: A differential analysis of multifactorial influences,Education and Information Technologies,,,,10.1007/s10639-024-13236-3,Lihui SunLiang Zhou,2024,https://link.springer.com/article/10.1007/s10639-024-13236-3,Article
Resources for AI in Strategic Communication,Artificial Intelligence for Strategic Communication,,,,10.1007/978-981-96-2575-8_14,Karen E. Sutherland,2025,https://link.springer.com/chapter/10.1007/978-981-96-2575-8_14,Chapter
A study on the advancement of building energy simulations: Utilizing ChatGPT to enhance occupancy rate predictions and sustainability outcomes,International Journal of Air-Conditioning and Refrigeration,,,,10.1007/s44189-025-00077-z,Jae-Woo LeeKyung-Soon ParkYong-Joon JunSeon-Hye Eom,2025,https://link.springer.com/article/10.1007/s44189-025-00077-z,Article
Ethical Challenges Associated with the Use of Artificial Intelligence in University Education,Journal of Academic Ethics,,,,10.1007/s10805-025-09660-w,Yuri Reina MarínOmer Cruz CaroAngelica María Carrasco RituayKatia Araceli Guimac LlanosDoris Tarrillo PerezEinstein Sánchez BardalesJudith Nathaly Alva TuestaRiver Chávez Santos,2025,https://link.springer.com/article/10.1007/s10805-025-09660-w,Article
Artificial Intelligence: Society’s New Black Box?,Development,,,,10.1057/s41301-024-00417-3,Clarisa Elena Nelu,2024,https://link.springer.com/article/10.1057/s41301-024-00417-3,Article
Exploring Socially Constructed Technological Platform—Metaverse—as an Educational Tool for Attaining SDG 4 &amp; PRME,Immersive Technology and Experiences,,,,10.1007/978-981-99-8834-1_4,Gautam AgrawalSavita SodhiRitu ChhikaraRuchi Garg,2024,https://link.springer.com/chapter/10.1007/978-981-99-8834-1_4,Chapter
LitroACP: A Lightweight and&#xa0;Robust Framework for&#xa0;Extracting Access Control Policies from&#xa0;Specifications,Advanced Information Systems Engineering,,,,10.1007/978-3-031-94569-4_5,Yanqiu ZhangZhen XuDongDong HuoXiaokun GuoQihui ZhouYu Wang,2025,https://link.springer.com/chapter/10.1007/978-3-031-94569-4_5,Conference paper
Dynamic Iteration of Pedagogical Designs in AIED: Findings from a Literature Review and Bibliometric Analysis,Radical Solutions for Artificial Intelligence and Digital Transformation in Education,,,,10.1007/978-981-97-8638-1_13,Yaohuizhuo LiuZhengxin WangWei XuWu Longkai,2024,https://link.springer.com/chapter/10.1007/978-981-97-8638-1_13,Chapter
Communicating Sustainability Through Language Differences with Rich Point Pedagogy,The Palgrave Handbook of Social Sustainability in Business Education,,,,10.1007/978-3-031-50168-5_19,Stephanie Jo KentGlynis Anna JonesSulu ZhambylJeffrey A. Kappen,2024,https://link.springer.com/chapter/10.1007/978-3-031-50168-5_19,Chapter
Development of Translation Studies in the New Millenium,Multidisciplinary Insights into Translation Studies,,,,10.1007/978-3-031-87205-1_2,Jozef Štefčík,2025,https://link.springer.com/chapter/10.1007/978-3-031-87205-1_2,Chapter
AI-Enabled Blended Collaborative Education,E-Business. New Challenges and Opportunities for Digital-Enabled Intelligent Future,,,,10.1007/978-3-031-60264-1_27,Xiaoxia Wang,2024,https://link.springer.com/chapter/10.1007/978-3-031-60264-1_27,Conference paper
Bibliometric analysis and review of AI-based video generation: research dynamics and application trends (2020–2025),Discover Computing,,,,10.1007/s10791-025-09628-9,Wei XieAnshu HuQing XieJunjie ChenRuoyu WanYuhan Liu,2025,https://link.springer.com/article/10.1007/s10791-025-09628-9,Article
Automated Requirements Relations Extraction,Handbook on Natural Language Processing for Requirements Engineering,,,,10.1007/978-3-031-73143-3_7,Quim MotgerXavier Franch,2025,https://link.springer.com/chapter/10.1007/978-3-031-73143-3_7,Chapter
Entrepreneurial self-efficacy among students: a bibliometric mapping and topic modelling approach,Entrepreneurship Education,,,,10.1007/s41959-025-00138-9,Stuwart AntonPaul Mansingh,2025,https://link.springer.com/article/10.1007/s41959-025-00138-9,Article
Gender bias in visual generative artificial intelligence systems and the socialization of AI,AI & SOCIETY,,,,10.1007/s00146-024-02129-1,Larry G. LockeGrace Hodgdon,2024,https://link.springer.com/article/10.1007/s00146-024-02129-1,Article
Potenziale von Foresight für die Twin-Transformation und organisationale Resilienz,"Triple Transformation: New Work, Digitalisierung und Nachhaltigkeit",,,,10.37307/b.978-3-503-23933-7.19,Stefanie WrobelChristina Moser,2024,https://link.springer.com/chapter/10.37307/b.978-3-503-23933-7.19,Chapter
Die Zukunft von Geschäftsmodellen und Unternehmertum: Smarter denken mit KI,Zukunftsgestalter Deutschlands,,,,10.1007/978-3-662-70324-3_4,Melanie Stütz,2025,https://link.springer.com/chapter/10.1007/978-3-662-70324-3_4,Chapter
AI with a Heart: Integrating Emotional Intelligence and Sustainability in Smart Education for 21st Century Learners,Proceedings of the ICSDI 2024 Volume 2,,,,10.1007/978-981-97-8348-9_56,Tahira Hoke,2025,https://link.springer.com/chapter/10.1007/978-981-97-8348-9_56,Conference paper
Fostering Entrepreneurial intentions: exploring the interplay of education and endogenous factors,International Entrepreneurship and Management Journal,,,,10.1007/s11365-024-01020-1,Dafna KarivCarlo GiglioVincenzo Corvello,2024,https://link.springer.com/article/10.1007/s11365-024-01020-1,Article
Analysis of Networking Within a Complex Technological Ecosystem,Advanced Intelligent Technologies and Sustainable Society,,,,10.1007/978-981-97-3210-4_32,Yuchen Wang,2024,https://link.springer.com/chapter/10.1007/978-981-97-3210-4_32,Conference paper
Barriers to AI adoption for women in higher education: a systematic review of the Asian context,Smart Learning Environments,,,,10.1186/s40561-025-00390-5,Usama KalimAsha KanwarJiena ShaRonghuai Huang,2025,https://link.springer.com/article/10.1186/s40561-025-00390-5,Article
"Oral Presentation Abstracts, 28th Annual Conference of the International Association of Medical Science Educators, June 15-18, 2024",Medical Science Educator,,,,10.1007/s40670-024-02228-0,,2024,https://link.springer.com/article/10.1007/s40670-024-02228-0,Article
Fostering Awareness of Social Sustainability in Digital Business,The Palgrave Handbook of Social Sustainability in Business Education,,,,10.1007/978-3-031-50168-5_8,Julio C. SerranoSniazhana DiducAušrinė ŠilenskytėMelodena StephensKarla Maria Nava-Aguirre,2024,https://link.springer.com/chapter/10.1007/978-3-031-50168-5_8,Chapter
Generative artificial intelligence (GenAI) and entrepreneurial performance: implications for entrepreneurs,The Journal of Technology Transfer,,,,10.1007/s10961-024-10132-3,Ailing LiuShaofeng Wang,2024,https://link.springer.com/article/10.1007/s10961-024-10132-3,Article
Impact of Technological Innovation on the Digital Transformation of Organizations and Society,"Proceedings of the XI International Scientific Conference ""Digital Transformation of the Economy: Challenges, Trends and New Opportunities"" (ISCDTE 2024)",,,,10.1007/978-3-031-65659-0_2,E. P. TroshinaA. V. Kutuev,2024,https://link.springer.com/chapter/10.1007/978-3-031-65659-0_2,Conference paper
Preface and Introduction to the Volume,Creativity and Critique in Digital Learning and Teaching,,,,10.1007/978-3-031-68086-1_1,Jacqueline BaxterHelen Selby-FellAndrew Gilbert,2025,https://link.springer.com/chapter/10.1007/978-3-031-68086-1_1,Chapter
Using learning analytics to explore peer learning patterns in asynchronous gamified environments,International Journal of Educational Technology in Higher Education,,,,10.1186/s41239-024-00476-z,Jewoong MoonLaura McNeillChristopher Thomas EdmondsSeyyed Kazem BanihashemOmid Noroozi,2024,https://link.springer.com/article/10.1186/s41239-024-00476-z,Article
The Futures of Digital Learning and Teaching,Creativity and Critique in Digital Learning and Teaching,,,,10.1007/978-3-031-68086-1_14,Andrew GilbertJacqueline Baxter,2025,https://link.springer.com/chapter/10.1007/978-3-031-68086-1_14,Chapter
A case study on professional skills and accredited graduate programs of marketing,Applied Network Science,,,,10.1007/s41109-025-00696-w,Silvana DakdukMaría del Pilar García-ChitivaJuan C. Correa,2025,https://link.springer.com/article/10.1007/s41109-025-00696-w,Article
"Agenda Formation and Prediction of Voting Tendencies for European Parliament Election using Textual, Social and Network Features",Information Systems Frontiers,,,,10.1007/s10796-024-10568-w,Gautam Kishore ShahiAli Sercan BasyurtStefan StieglitzChristoph Neuberger,2024,https://link.springer.com/article/10.1007/s10796-024-10568-w,Article
AI and Education: Preparing the MENA's Workforce for the Future,AI in the Middle East for Growth and Business,,,,10.1007/978-3-031-75589-7_3,Georges YahchouchiSareh Rotabi,2025,https://link.springer.com/chapter/10.1007/978-3-031-75589-7_3,Chapter
Interactive Learning Through Conversational Avatars and Immersive VR: Enhancing Diabetes Education and Self-Management,HCI in Games,,,,10.1007/978-3-031-92578-8_27,Ilias LogothetisKleanthis DiakogiannisNikolas Vidakis,2025,https://link.springer.com/chapter/10.1007/978-3-031-92578-8_27,Conference paper
Student Experience with AI-Assisted Situational Analysis in Construction Management,Artificial Intelligence in Vocational Education and Training,,,,10.1007/978-981-96-6001-8_5,Sundeep Chowdary Daggubati,2025,https://link.springer.com/chapter/10.1007/978-981-96-6001-8_5,Chapter
Construction and Implementation of a Hierarchical Practical Teaching Model Integrating AI Technology,Advances in Computer Science for Engineering and Education VII,,,,10.1007/978-3-031-84228-3_53,Ying ZhangHaoliang Zhu,2025,https://link.springer.com/chapter/10.1007/978-3-031-84228-3_53,Conference paper
Exploring the Impact of AI on Employee Engagement and Productivity in Human Resource Management,"Achieving Sustainable Business through AI, Technology Education and Computer Science",,,,10.1007/978-3-031-70855-8_46,Mohamed Ahmed Elbadawi,2025,https://link.springer.com/chapter/10.1007/978-3-031-70855-8_46,Chapter
Intelligent Decision Support in Personal Health: Personalized Health Coaching in Type 2 Diabetes,Human Computer Interaction in Healthcare,,,,10.1007/978-3-031-69947-4_17,Lena MamykinaElliot MitchellPooja DesaiDavid Albers,2024,https://link.springer.com/chapter/10.1007/978-3-031-69947-4_17,Chapter
Cognitive Infocommunications,Cognitive Aspects of Virtual Reality,,,,10.1007/978-3-031-68130-1_1,Ildikó HorváthBorbála BerkiAnna SudárÁdám CsapóPéter Baranyi,2024,https://link.springer.com/chapter/10.1007/978-3-031-68130-1_1,Chapter
Enhancing knowledge spillover of innovation through artificial intelligence: an empirical investigation,The Journal of Technology Transfer,,,,10.1007/s10961-025-10217-7,Elettra D’AmicoMaksim BelitskiAlessandro BragaRobert Savoie,2025,https://link.springer.com/article/10.1007/s10961-025-10217-7,Article
Artificial intelligence in education research during 2013–2023: A review based on bibliometric analysis,Education and Information Technologies,,,,10.1007/s10639-024-12491-8,Shuchen GuoYuanyuan ZhengXiaoming Zhai,2024,https://link.springer.com/article/10.1007/s10639-024-12491-8,Article
Driving entrepreneurial success: navigating AI-driven transformation through workforce agility and sustainability,Journal of Innovation and Entrepreneurship,,,,10.1186/s13731-025-00554-0,Shalini RastogiDeepika Pandita,2025,https://link.springer.com/article/10.1186/s13731-025-00554-0,Article
Digital Marketing in Tourism and Hospitality,Marketing Tourism and Hospitality,,,,10.1007/978-3-031-65983-6_12,Richard George,2025,https://link.springer.com/chapter/10.1007/978-3-031-65983-6_12,Chapter
Third Decade in the Twenty-First Century Skills and A.I. in Education,E-Learning and Enhancing Soft Skills,,,,10.1007/978-3-031-82243-8_1,Piet KommersEugenia Smyrnova-Trybulska,2025,https://link.springer.com/chapter/10.1007/978-3-031-82243-8_1,Chapter
"Biomedical Engineering Innovation, Design, and Entrepreneurship Alliance (BME-IDEA): 20 Years of Impact and Mapping the Path for the Next 20",Biomedical Engineering Education,,,,10.1007/s43683-024-00159-1,Sabia Z. AbidiLyn DenendAaron M. KyleKatherine E. ReutherEric S. Richardson,2024,https://link.springer.com/article/10.1007/s43683-024-00159-1,Article
An Edge AI Course Template,Foundations of Computer Science and Frontiers in Education: Computer Science and Computer Engineering,,,,10.1007/978-3-031-85930-4_31,Ning Chen,2025,https://link.springer.com/chapter/10.1007/978-3-031-85930-4_31,Conference paper
Filter Bubbles and the Unfeeling: How AI for Social Media Can Foster Extremism and Polarization,Philosophy & Technology,,,,10.1007/s13347-024-00758-4,Ermelinda Rodilosso,2024,https://link.springer.com/article/10.1007/s13347-024-00758-4,Article
Learning health system strategies in the AI era,npj Health Systems,,,,10.1038/s44401-025-00029-0,Peter A. D. SteelGabriel WardiRobert A. HarringtonChristopher A. Longhurst,2025,https://www.nature.com/articles/s44401-025-00029-0,Article
The New Apocalypse: Twenty-First Century,Future Fear,,,,10.1007/978-3-031-59412-0_8,John Potts,2024,https://link.springer.com/chapter/10.1007/978-3-031-59412-0_8,Chapter
Strategic Marketing Analytics: A Systematic Review,Strategy Analytics for Business Resilience Theories and Practices,,,,10.1007/978-3-031-82369-5_12,Ananya MishraPradeep Kautish,2025,https://link.springer.com/chapter/10.1007/978-3-031-82369-5_12,Chapter
Prelude,The Future-Ready Leader,,,,10.1007/978-3-031-45090-7_1,Peter LorangeKarin Mugnaini,2023,https://link.springer.com/chapter/10.1007/978-3-031-45090-7_1,Chapter
Using GenAI as Co-author for Teaching Supply Chain Management in Higher Education,Advanced Technologies and the University of the Future,,,,10.1007/978-3-031-71530-3_12,Dominik WörnerAndreas Holzapfel,2025,https://link.springer.com/chapter/10.1007/978-3-031-71530-3_12,Chapter
Trustworthy AI: AI made in Germany and Europe?,AI & SOCIETY,,,,10.1007/s00146-023-01808-9,Hartmut Hirsch-KreinsenThorben Krokowski,2023,https://link.springer.com/article/10.1007/s00146-023-01808-9,Article
Joann Wu,Chief Design Officers at Work,,,,10.1007/979-8-8688-1137-1_14,Jaleh Afshar,2025,https://link.springer.com/chapter/10.1007/979-8-8688-1137-1_14,Chapter
Enhancing learner satisfaction through human-like digital instructors: an empirical study on the role of visual and verbal human likeness in e-learning,Education and Information Technologies,,,,10.1007/s10639-024-13163-3,Lianghai Chu,2024,https://link.springer.com/article/10.1007/s10639-024-13163-3,Article
The Landscape of Digital Transformation and Leadership,Employee Uncertainty Over Digital Transformation,,,,10.1007/978-981-99-8409-1_1,Masaki Matsunaga,2024,https://link.springer.com/chapter/10.1007/978-981-99-8409-1_1,Chapter
Acquiring Artificial Intelligence (AI) Terminology in the Specialised Translation Class: A Gamified Strategy,New Advances in Translation Technology,,,,10.1007/978-981-97-2958-6_10,Gloria Corpas PastorMarta Alcaide-Martínez,2024,https://link.springer.com/chapter/10.1007/978-981-97-2958-6_10,Chapter
The TRAIN Framework for AI-Assisted Development of Novice Accounting Instructors,Education for Sustainable Development: The Contribution of Universities,,,,10.1007/978-3-031-86985-3_27,Semen Son-Turan,2025,https://link.springer.com/chapter/10.1007/978-3-031-86985-3_27,Chapter
Explainable and interpretable machine learning and data mining,Data Mining and Knowledge Discovery,,,,10.1007/s10618-024-01041-y,Martin AtzmuellerJohannes FürnkranzTomáš KliegrUte Schmid,2024,https://link.springer.com/article/10.1007/s10618-024-01041-y,Article
Developing a Pedagogical Approach to Enhance Learning Experiences for Fostering Soft Skills,HCI International 2024 – Late Breaking Papers,,,,10.1007/978-3-031-76815-6_7,Eunyoung Kim,2025,https://link.springer.com/chapter/10.1007/978-3-031-76815-6_7,Conference paper
"Vertical Integration and Horizontal Growth in Entrepreneurship: Converging Education, Innovation, and Technology Ecosystems","Entrepreneurship, Innovation, and Technology",,,,10.1007/978-3-031-65314-8_4,Rajagopal,2024,https://link.springer.com/chapter/10.1007/978-3-031-65314-8_4,Chapter
"To be with artificial intelligence in oral test or not to be: a probe into the traces of success in speaking skill, psychological well-being, autonomy, and academic buoyancy",Language Testing in Asia,,,,10.1186/s40468-024-00321-0,Biju Theruvil SayedZein Bassam Bani YounesAhmad AlkhayyatIroda AdhamovaHabesha Teferi,2024,https://link.springer.com/article/10.1186/s40468-024-00321-0,Article
The Critique of Management: An Interview with Vincent Blok,Philosophy of Management,,,,10.1007/s40926-024-00250-1,Lucien von Schomberg,2024,https://link.springer.com/article/10.1007/s40926-024-00250-1,Article
Natural Language Processing in Higher Education Institutions: A Bibliometric Analysis Using Scopus Database,Artificial Intelligence in Education Technologies: New Development and Innovative Practices,,,,10.1007/978-981-97-9255-9_8,Oufkir Abdellah AitZineb MohibMohamed Adrdour,2025,https://link.springer.com/chapter/10.1007/978-981-97-9255-9_8,Conference paper
What Management Skills Are Needed in the Digital Era? A Business Executive Perspective,Leading and Managing in the Digital Era,,,,10.1007/978-3-031-65782-5_22,Dimitra IordanoglouTheano LianidouPeter DominickTom BegleyMarc MarcheseGregory Prastacos,2024,https://link.springer.com/chapter/10.1007/978-3-031-65782-5_22,Conference paper
Crisis and Transformation: A Prerequisite for a New Paradigm in the Economy?,Transdisciplinary Thinking and Acting,,,,10.1007/978-3-031-70680-6_12,René Schmidpeter,2025,https://link.springer.com/chapter/10.1007/978-3-031-70680-6_12,Chapter
Digital Technologies and Sustainability in Project Management: Current Trends and Future Perspectives,Tomorrow's Data Empowered Project Management,,,,10.1007/978-3-031-84017-3_8,Leila Moslemi NaeniRoksana Jahan Tumpa,2025,https://link.springer.com/chapter/10.1007/978-3-031-84017-3_8,Chapter
"Selected Abstracts from the Annual Meeting of SESAM - the Society for Simulation in&#xa0;Europe,&#xa0;2025",Advances in Simulation,,,,10.1186/s41077-025-00360-4,,2025,https://link.springer.com/article/10.1186/s41077-025-00360-4,Article
Exploring the Entrepreneurial Self-Efficacy of STEM Students within the Context of an Informal STEM Education Programme,Research in Science Education,,,,10.1007/s11165-024-10178-1,Pengzhi ChuZhujun JiangXiongziyan XiaoXiaoni LiangJie ChenFeng-Kuang Chiang,2024,https://link.springer.com/article/10.1007/s11165-024-10178-1,Article
Purgatory as a Learning Platform for Leaders,Dante in the Workplace,,,,10.1007/978-3-031-92202-2_1,Santiago Iñiguez,2025,https://link.springer.com/chapter/10.1007/978-3-031-92202-2_1,Chapter
"Diabetes and artificial intelligence beyond the closed loop: a review of the landscape, promise and challenges",Diabetologia,,,,10.1007/s00125-023-06038-8,Scott C. MackenzieChris A. R. SainsburyDeborah J. Wake,2023,https://link.springer.com/article/10.1007/s00125-023-06038-8,Article
Data Centers: Evolving from Tools to Pillars of the Knowledge Economy’s Expansion,Encyclopedia of Educational Innovation,,,,10.1007/978-981-13-2262-4_341-1,Carlos Cardenas Espitia,2025,https://link.springer.com/rwe/10.1007/978-981-13-2262-4_341-1,Living reference work entry
Where Are We Now with Digital Teaching? Critical Reflections on Digital Teaching and SoTL in Business and Law,Creativity and Critique in Digital Learning and Teaching,,,,10.1007/978-3-031-68086-1_2,Jacqueline BaxterAndrew GilbertHelen Selby-Fell,2025,https://link.springer.com/chapter/10.1007/978-3-031-68086-1_2,Chapter
Celebrating 50 years of DECISION,DECISION,,,,10.1007/s40622-023-00344-1,Priya Seetharaman,2023,https://link.springer.com/article/10.1007/s40622-023-00344-1,Article
Developing Industry-Ready Business Analysts: Guiding Principles for Effective Assessment for Learning (AfL) in a BPM Course,"Business Process Management: Blockchain, Robotic Process Automation and Educators Forum",,,,10.1007/978-3-031-43433-4_16,Nina EvansKaramjit KaurAnisha Fernando,2023,https://link.springer.com/chapter/10.1007/978-3-031-43433-4_16,Conference paper
Artificial intelligence technologies and entrepreneurship: a hybrid literature review,Review of Managerial Science,,,,10.1007/s11846-025-00839-4,Sebastián UriarteHugo Baier-FuentesJorge Espinoza-BenavidesWilliam Inzunza-Mendoza,2025,https://link.springer.com/article/10.1007/s11846-025-00839-4,Article
End-User Development,Handbook of Human Computer Interaction,,,,10.1007/978-3-319-27648-9_37-1,Fabio Paternò,2023,https://link.springer.com/rwe/10.1007/978-3-319-27648-9_37-1,Living reference work entry
Forty years of the theory of planned behavior: a bibliometric analysis (1985–2024),Management Review Quarterly,,,,10.1007/s11301-025-00487-8,Shankar T. NaskarJose Maria Merigo Lindahl,2025,https://link.springer.com/article/10.1007/s11301-025-00487-8,Article
Navigating the Future of Digital Transformation and Leadership,Employee Uncertainty Over Digital Transformation,,,,10.1007/978-981-99-8409-1_5,Masaki Matsunaga,2024,https://link.springer.com/chapter/10.1007/978-981-99-8409-1_5,Chapter
The Game Analytics,Unmasking Invisible Challenges in Entrepreneurship,,,,10.1007/978-3-031-63653-0_3,RajagopalAnanya Rajagopal,2024,https://link.springer.com/chapter/10.1007/978-3-031-63653-0_3,Chapter
“Just learn it?” How individual differences and HMSAM impact learners’ intention to engage in AI-related education,Education and Information Technologies,,,,10.1007/s10639-024-13199-5,Yu-Yin Wang,2024,https://link.springer.com/article/10.1007/s10639-024-13199-5,Article
"Scientometrics, Data Science and Teaching Innovations in Economics. Reality or Utopia?",Teaching Innovations in Economics,,,,10.1007/978-3-031-72549-4_14,Consolación Quintana-RojoDaniel Rojas-Peña,2024,https://link.springer.com/chapter/10.1007/978-3-031-72549-4_14,Chapter
"Are We Ready for the Metaverse? Implications, Legal Landscape, and Recommendations for Responsible Development",Digital Society,,,,10.1007/s44206-025-00163-0,Xinyi TuBruna de Castro e Silva,2025,https://link.springer.com/article/10.1007/s44206-025-00163-0,Article
"Roles of artificial intelligence experience, information redundancy, and familiarity in shaping active learning: Insights from intelligent personal assistants",Education and Information Technologies,,,,10.1007/s10639-024-12895-6,Shaofeng WangZhuo Sun,2024,https://link.springer.com/article/10.1007/s10639-024-12895-6,Article
The transformative power of artificial intelligence in entrepreneurship: exploring AI’s capabilities for the success of entrepreneurial ventures,Future Business Journal,,,,10.1186/s43093-025-00533-7,Yaser Hasan Al-Mamary,2025,https://link.springer.com/article/10.1186/s43093-025-00533-7,Article
"The Concept of the American-Styled Law Doctorate as It Obtains in the US, Canada, Australia, Singapore and Other Pertinent Jurisdictions",Doctoral Degree Programs in Law,,,,10.1007/978-3-030-88421-5_2,Kenneth K. Mwenda,2022,https://link.springer.com/chapter/10.1007/978-3-030-88421-5_2,Chapter
"Reaching Luxury Shoppers, Travel Retail, and the Sense of Time",Designing Luxury Brands,,,,10.1007/978-3-031-54093-6_10,Diana Derval,2024,https://link.springer.com/chapter/10.1007/978-3-031-54093-6_10,Chapter
AI-Assisted Intelligent Humanoid Robot,Transactions of the Indian National Academy of Engineering,,,,10.1007/s41403-024-00468-5,Dilip Kumar Pratihar,2024,https://link.springer.com/article/10.1007/s41403-024-00468-5,Article
Exploring Artificial Intelligence for Topology Optimization in an Engineering Course,Artificial Intelligence in Education Technologies: New Development and Innovative Practices,,,,10.1007/978-981-97-9255-9_33,Hector Rafael Morano OkunoGuillermo Sandoval Benitez,2025,https://link.springer.com/chapter/10.1007/978-981-97-9255-9_33,Conference paper
A Competency-Based Transformation in Computing and Engineering Education in the Digital Era,Frontiers of Digital Education,,,,10.1007/s44366-024-0025-8,John ImpagliazzoXiaofei Xu,2024,https://link.springer.com/article/10.1007/s44366-024-0025-8,Article
Leveraging RNNs and Transformers for Personalized Mental Health Chatbots: A Review,ICT Systems and Sustainability,,,,10.1007/978-981-97-8526-1_30,Bhawani Singh RathoreSandeep Chaurasia,2025,https://link.springer.com/chapter/10.1007/978-981-97-8526-1_30,Conference paper
A technostress–entrepreneurship nexus in the developing world,International Entrepreneurship and Management Journal,,,,10.1007/s11365-024-00968-4,Amon SimbaPatient RambeSamuel Ribeiro NavarreteMaria Teresa Palomo Vadillo,2024,https://link.springer.com/article/10.1007/s11365-024-00968-4,Article
Implementing AI Conversation in Business,Unleashing The Power of ChatGPT,,,,10.1007/979-8-8688-0032-0_5,Charles Waghmare,2023,https://link.springer.com/chapter/10.1007/979-8-8688-0032-0_5,Chapter
"Fuzzy Logic and Applications in Education and Games: Theory, Practical Implementations and a Literature Review",Artificial Intelligence—Based Games as Novel Holistic Educational Environments to Teach 21st Century Skills,,,,10.1007/978-3-031-77464-5_4,Spyros PapadimitriouMaria Virvou,2025,https://link.springer.com/chapter/10.1007/978-3-031-77464-5_4,Chapter
The Relational Infrastructures of Knowledge: Inclusiveness and Innovation for Made in Italy,Perspectives on Design and Digital Communication V,,,,10.1007/978-3-031-76156-0_6,Pietro PantanoPatrizia RanzoArrigo BertacchiniSalvatore Carleo,2025,https://link.springer.com/chapter/10.1007/978-3-031-76156-0_6,Chapter
Teachers’ Perceptions of Knowledge Production in the Age of Artificial Intelligence: A Systematic Literature Review,Perspectives and Trends in Education and Technology,,,,10.1007/978-3-031-78155-1_18,Elizama das Chagas LemosBruno F. GonçalvesVitor Gonçalves,2025,https://link.springer.com/chapter/10.1007/978-3-031-78155-1_18,Conference paper
Seeking empathy or suggesting a solution? Effects of chatbot messages on service failure recovery,Electronic Markets,,,,10.1007/s12525-023-00673-0,Martin HauptAnna RozumowskiJan FreidankAlexander Haas,2023,https://link.springer.com/article/10.1007/s12525-023-00673-0,Article
Robots in travel clinics: building on tourism’s use of technology and robots for infection control during a pandemic,"Tropical Diseases, Travel Medicine and Vaccines",,,,10.1186/s40794-023-00197-7,Irmgard L Bauer,2023,https://link.springer.com/article/10.1186/s40794-023-00197-7,Article
Advancing Assessment for Enhanced e-Education in the MENA Region,Governance in Higher Education,,,,10.1007/978-3-031-40586-0_11,Rock-Antoine MehannaShaima AlHarmoodiNehme Azoury,2023,https://link.springer.com/chapter/10.1007/978-3-031-40586-0_11,Chapter
Embedding Sustainability in Curricula: A Case Study of an Education for Sustainable Development (ESD) Framework at the Westminster Business School,Advancements in Sustainable Development,,,,10.1007/978-3-031-86337-0_16,Gustavo Espinoza-RamosAmanda Capucci-Polzin,2025,https://link.springer.com/chapter/10.1007/978-3-031-86337-0_16,Conference paper
Corpus machine translation system based on compaction algorithm and self-attention mechanism model,Neural Computing and Applications,,,,10.1007/s00521-025-11351-x,Zijing LiXianrui YanWenzhe YangShuhua Pan,2025,https://link.springer.com/article/10.1007/s00521-025-11351-x,Article
Acceptance of artificial intelligence and its effect on entrepreneurial intention in foreign trade students: a mirror analysis,Journal of Innovation and Entrepreneurship,,,,10.1186/s13731-024-00412-5,Sandra Sayonara Solórzano SolórzanoJohanna Micaela Pizarro RomeroJimmy Gabriel Díaz CuevaJorge Eduardo Arias MonteroMichael Andrés Zamora CampoverdeMariana Malvina Lozzelli ValarezoJose Carlos Montes NinaquispeBenicio Gonzalo Acosta EnriquezMarco Agustín Arbulú Ballesteros,2024,https://link.springer.com/article/10.1186/s13731-024-00412-5,Article
Stereotypes in Language Models,More than a Chatbot,,,,10.1007/978-3-031-37690-0_6,Mascha Kurpicz-Briki,2023,https://link.springer.com/chapter/10.1007/978-3-031-37690-0_6,Chapter
The Future of Learning with AI,Generative AI in Education,,,,10.1007/979-8-8688-0844-9_8,Paolo Narciso,2024,https://link.springer.com/chapter/10.1007/979-8-8688-0844-9_8,Chapter
From Concept to Practice: How Managers Are Integrating AI into Business Marketing,Marketing and Smart Technologies,,,,10.1007/978-981-96-3077-6_1,Na Bai,2025,https://link.springer.com/chapter/10.1007/978-981-96-3077-6_1,Conference paper
Digitization in the Field of Engineering Teacher Training,"Towards a Hybrid, Flexible and Socially Engaged Higher Education",,,,10.1007/978-3-031-51979-6_17,Andreas ProbstRalph DreherKlaudia Lettmayr,2024,https://link.springer.com/chapter/10.1007/978-3-031-51979-6_17,Conference paper
AI for Sustainable Development: MENA Strategies,AI in the Middle East for Growth and Business,,,,10.1007/978-3-031-75589-7_4,Srinivas Subba Rao PasumartiCynthia El Hajj,2025,https://link.springer.com/chapter/10.1007/978-3-031-75589-7_4,Chapter
Female Immigrant Entrepreneurship,Female Immigrant Entrepreneurship,,,,10.1007/978-3-031-94616-5_2,Toluwani AkaehomenThomas M. CooneyAndreas Walmsley,2025,https://link.springer.com/chapter/10.1007/978-3-031-94616-5_2,Chapter
Unleashing the Problem-Solving Potential of Next-Generation Data Scientists,Innovative Practices in Teaching Information Sciences and Technology,,,,10.1007/978-3-031-61290-9_8,Lizhen ZhuJames Z. Wang,2024,https://link.springer.com/chapter/10.1007/978-3-031-61290-9_8,Chapter
Multilingual and Cross-Linguistic Challenges in NLP,Transformative Natural Language Processing,,,,10.1007/978-3-031-88988-2_7,Dipika Jain,2025,https://link.springer.com/chapter/10.1007/978-3-031-88988-2_7,Chapter
Visual analysis and recognition of facial expressions in Indian classical dance using a novel dataset,The Visual Computer,,,,10.1007/s00371-025-03911-y,Sajitha V. RajT. T. SunilR. SivakumarR. Pradeep,2025,https://link.springer.com/article/10.1007/s00371-025-03911-y,Article
Policy Promotion of China Smart Education,Report on China Smart Education 2023,,,,10.1007/978-981-97-5090-0_2,,2024,https://link.springer.com/chapter/10.1007/978-981-97-5090-0_2,Chapter
Self-Management Support (SMS) in Transition: The Case of Osteoporosis Management Support in a Chinese Hospital,Computer Supported Cooperative Work (CSCW),,,,10.1007/s10606-024-09503-z,Jinling HuangXianghua Ding,2024,https://link.springer.com/article/10.1007/s10606-024-09503-z,Article
Consumer-Focused Transition to a Bio-based Sustainable Economy in Africa,Sustainable Bioeconomy Development in the Global South,,,,10.1007/978-981-96-0640-5_13,Oluwaseun James Oguntuase,2025,https://link.springer.com/chapter/10.1007/978-981-96-0640-5_13,Chapter
Mapping the landscape of Hospital at home (HaH) care: a validated taxonomy for HaH care model classification,BMC Health Services Research,,,,10.1186/s12913-025-12251-5,Kerstin Denecke,2025,https://link.springer.com/article/10.1186/s12913-025-12251-5,Article
Investigating Student Engagement with Digital Interactive Learning Tools at Level One: Actual and Perceived Value of These Resources,Creativity and Critique in Digital Learning and Teaching,,,,10.1007/978-3-031-68086-1_5,Sarah HendersonBen Trupia-Melluish,2025,https://link.springer.com/chapter/10.1007/978-3-031-68086-1_5,Chapter
Analysis of Mispronunciation Detection and Diagnosis Based on Conventional Deep Learning Techniques,"Proceedings of 4th International Conference on Recent Trends in Machine Learning, IoT, Smart Cities and Applications",,,,10.1007/978-981-99-9442-7_31,M. SoundaryaS. Anusuya,2024,https://link.springer.com/chapter/10.1007/978-981-99-9442-7_31,Conference paper
Federated Learning Incentive Mechanism Based on User Ego-Drive,Computational and Experimental Simulations in Engineering,,,,10.1007/978-3-031-44947-5_39,Xingyu LvYaping LiuShuo ZhangZhikai YangFangyu Shen,2024,https://link.springer.com/chapter/10.1007/978-3-031-44947-5_39,Conference paper
“Antiphilosophers Remind Us That Life is Always External to Concepts”: An Interview with Ghislain Deslandes,Philosophy of Management,,,,10.1007/s40926-024-00331-1,Marian Eabrasu,2024,https://link.springer.com/article/10.1007/s40926-024-00331-1,Article
Introduction,Humanism in Marketing,,,,10.1007/978-3-031-67155-5_1,Philip KotlerWaldemar PfoertschFabio AncaraniIvan Ureta,2024,https://link.springer.com/chapter/10.1007/978-3-031-67155-5_1,Chapter
Understanding the Technology Evolution Cycle Through History,Investing in Revolutions,,,,10.1007/979-8-8688-1177-7_1,Tal Elyashiv,2025,https://link.springer.com/chapter/10.1007/979-8-8688-1177-7_1,Chapter
Technological Innovations to Tackle Health Inequalities in Cancer Care,Critical Perspectives on Technological Innovations in Healthcare,,,,10.1007/978-3-031-87158-0_5,Grigorios KotronoulasRebecca Marshall-MckennaTongyao WangConstantina Papadopoulou,2025,https://link.springer.com/chapter/10.1007/978-3-031-87158-0_5,Chapter
The Genesis,Unmasking Invisible Challenges in Entrepreneurship,,,,10.1007/978-3-031-63653-0_1,RajagopalAnanya Rajagopal,2024,https://link.springer.com/chapter/10.1007/978-3-031-63653-0_1,Chapter
Market research ethics: New practices but no new ideas,AMS Review,,,,10.1007/s13162-024-00276-8,Robert CluleyWilliam Green,2024,https://link.springer.com/article/10.1007/s13162-024-00276-8,Article
Abstracts from the 2024 Annual Meeting of the Society of General Internal Medicine,Journal of General Internal Medicine,,,,10.1007/s11606-024-08797-5,,2024,https://link.springer.com/article/10.1007/s11606-024-08797-5,Article
"Adaptation of the artificial ıntelligence literacy scale into Turkish: A cross-sectional application among healthcare workers, students, and children",Education and Information Technologies,,,,10.1007/s10639-025-13597-3,Emire UluğKamile ÖnerSelma ArslantaşSümeyya Tatlı Harmancı,2025,https://link.springer.com/article/10.1007/s10639-025-13597-3,Article
The Game Changer Models,Unmasking Invisible Challenges in Entrepreneurship,,,,10.1007/978-3-031-63653-0_4,RajagopalAnanya Rajagopal,2024,https://link.springer.com/chapter/10.1007/978-3-031-63653-0_4,Chapter
Research streams and open challenges in the metaverse,The Journal of Supercomputing,,,,10.1007/s11227-023-05544-1,Carmen Carrión,2023,https://link.springer.com/article/10.1007/s11227-023-05544-1,Article
Entrepreneurship in the context of permanent crisis: the role of community support,Review of Managerial Science,,,,10.1007/s11846-025-00845-6,David B. AudretschDafna Kariv,2025,https://link.springer.com/article/10.1007/s11846-025-00845-6,Article
"NLP in Action: Case Studies from Healthcare, Finance, and Industry",Transformative Natural Language Processing,,,,10.1007/978-3-031-88988-2_8,ShwetaHifzan Ahmad,2025,https://link.springer.com/chapter/10.1007/978-3-031-88988-2_8,Chapter
The Complexities of the Slovak Higher Education Development,Global Agendas and Education Reforms,,,,10.1007/978-981-97-3068-1_5,Julius HorvathRene Matlovič,2024,https://link.springer.com/chapter/10.1007/978-981-97-3068-1_5,Chapter
Power Dynamics in Climate Governance and Eco-innovation,Climate Governance and Corporate Eco-innovation,,,,10.1007/978-3-031-56423-9_4,Monika MalikShelley Oberoi,2024,https://link.springer.com/chapter/10.1007/978-3-031-56423-9_4,Chapter
"Teaching Ethics in Teacher Education: ICT-Enhanced, Case-Based and Active Learning Approach with Continuous Formative Assessment",Journal of Academic Ethics,,,,10.1007/s10805-024-09503-0,Ahmet GöçenMehmet Akın Bulut,2024,https://link.springer.com/article/10.1007/s10805-024-09503-0,Article
A deep learning framework for sarcastic sentiment classification in opinion polls,"Journal of Data, Information and Management",,,,10.1007/s42488-023-00107-8,Fredrick BoafoSolomon MensahElizabeth Akuafum Dick,2023,https://link.springer.com/article/10.1007/s42488-023-00107-8,Article
Translation Pedagogy,Multidisciplinary Insights into Translation Studies,,,,10.1007/978-3-031-87205-1_4,Jozef Štefčík,2025,https://link.springer.com/chapter/10.1007/978-3-031-87205-1_4,Chapter
Digital innovation: a bibliometric review and research agenda,Review of Managerial Science,,,,10.1007/s11846-025-00895-w,Ahmad AlaassarAnne-Laure MentionKateryna Kryzhanivska,2025,https://link.springer.com/article/10.1007/s11846-025-00895-w,Article
The state of foresight in small and medium enterprises: literature review and research agenda,European Journal of Futures Research,,,,10.1186/s40309-024-00237-1,Ulrike-Sabine DörrGerhard SchönhoferJan Oliver Schwarz,2024,https://link.springer.com/article/10.1186/s40309-024-00237-1,Article
Asking Higher Education Students to Write Research Case Studies—A Way to Develop Engagement and Critical Thinking,Perspectives and Trends in Education and Technology,,,,10.1007/978-981-99-5414-8_15,Laura TalloneSara PascoalMarco Furtado,2023,https://link.springer.com/chapter/10.1007/978-981-99-5414-8_15,Conference paper
"Cem Mil Podcasts: A Spoken Portuguese Document Corpus for&#xa0;Multi-modal, Multi-lingual and&#xa0;Multi-dialect Information Access Research","Experimental IR Meets Multilinguality, Multimodality, and Interaction",,,,10.1007/978-3-031-42448-9_5,Ekaterina GarmashEdgar TanakaAnn CliftonJoana CorreiaSharmistha JatWinstead ZhuRosie JonesJussi Karlgren,2023,https://link.springer.com/chapter/10.1007/978-3-031-42448-9_5,Conference paper
Dietary and Nutrition Education: Type 2 Diabetes Mellitus,Handbook of Public Health Nutrition,,,,10.1007/978-3-031-32047-7_49-1,Barakatun-Nisak M. YusofRuzita Abdul TalibOsama Hamdy,2025,https://link.springer.com/rwe/10.1007/978-3-031-32047-7_49-1,Living reference work entry
AI’s Potential: Embracing AI in the Future of Healthcare,"Revolutionizing Healthcare: Impact of Artificial Intelligence on Diagnosis, Treatment, and Patient Care",,,,10.1007/978-3-031-80813-5_20,Vijay PrakashKirtan DuaCarl James DebonoLalit Garg,2025,https://link.springer.com/chapter/10.1007/978-3-031-80813-5_20,Chapter
"Creative Agency in Crisis: Ten Questions, Ten Answers","Crises, Creativity and Innovation",,,,10.1007/978-3-031-61782-9_5,Ronald A. Beghetto,2024,https://link.springer.com/chapter/10.1007/978-3-031-61782-9_5,Chapter
Identification of&#xa0;Fake News: A Semantic Driven Technique for&#xa0;Transfer Domain,Neural Information Processing,,,,10.1007/978-981-99-1645-0_47,Jannatul FerdushJoarder KamruzzamanGour KarmakarIqbal GondalRaj Das,2023,https://link.springer.com/chapter/10.1007/978-981-99-1645-0_47,Conference paper
Concept and Reality of Lifelong Learning,"Connected Learning: Origins, Opportunities, and Perspectives of Contemporary Educational Design",,,,10.1007/978-3-031-37813-3_6,Henning Schoenenberger,2024,https://link.springer.com/chapter/10.1007/978-3-031-37813-3_6,Chapter
Enhancing patient activation: a controlled implementation study of an interprofessional evidence-based counseling program for complementary and integrative healthcare in cancer patients (‘CCC-Integrativ’),Frontiers of Medicine,,,,10.1007/s11684-024-1097-z,Jan ValentiniDaniela FroehlichInka RoeselRegina StolzCornelia MahlerPeter MartusNadja KlafkeMarkus HorneberClaudia WitteKlaus KramerChristine GreilBarbara GruenKatrin Tomaschko-UbelaenderStefanie Joos,2024,https://link.springer.com/article/10.1007/s11684-024-1097-z,Article
"Nudging Techniques: Design, Theoretical Grounds, and Ethical View",Journal of the Knowledge Economy,,,,10.1007/s13132-024-02219-x,Rabab Ali AbumallohOsama HalabiRaian AliDena Al-Thani,2024,https://link.springer.com/article/10.1007/s13132-024-02219-x,Article
The Interplay of Psychology and Health: An Introduction to Health Psychology and the Promotion of Healthy Behavior Change,Applied Psychology in the Modern Era,,,,10.1007/978-3-031-79134-5_7,Miranda Phillips,2024,https://link.springer.com/chapter/10.1007/978-3-031-79134-5_7,Chapter
An Accurate Multiple Data Based Stock Prediction and Sentiment Analysis Using Synergic Deep Info Convolutional Neural Network,Computational Economics,,,,10.1007/s10614-025-10929-w,T. M. SanaraM. Umme Salma,2025,https://link.springer.com/article/10.1007/s10614-025-10929-w,Article
Methodological Steps Towards Ecological and Emotional Education and Research Fostering Multipotentiality,Emotional and Ecological Literacy for a More Sustainable Society,,,,10.1007/978-3-031-56772-8_3,Emily Margaret MurrayMargherita Paola PotoLaura Vita,2024,https://link.springer.com/chapter/10.1007/978-3-031-56772-8_3,Chapter
Future of Supply Chain Management,Supply Chain Management,,,,10.1007/978-3-031-52247-5_8,Christine Harland,2024,https://link.springer.com/chapter/10.1007/978-3-031-52247-5_8,Chapter
Use case cards: a use case reporting framework inspired by the European AI Act,Ethics and Information Technology,,,,10.1007/s10676-024-09757-7,Isabelle HupontDavid Fernández-LlorcaSandra BaldassarriEmilia Gómez,2024,https://link.springer.com/article/10.1007/s10676-024-09757-7,Article
Virtuous circles in the academy: insights from AIB’s ethical organizational culture,Journal of International Business Policy,,,,10.1057/s42214-024-00198-z,Lorraine Eden,2024,https://link.springer.com/article/10.1057/s42214-024-00198-z,Article
Does constructivism learning approach lead to developing creative thinking skills? <i>The mediating role of online collaborative learning environments</i>,Journal of Computers in Education,,,,10.1007/s40692-024-00321-2,S. Vijayakumar BharathiMandaar B. Pande,2024,https://link.springer.com/article/10.1007/s40692-024-00321-2,Article
Blockchain Technology Application Domains along the E-Commerce Value Chain—A Qualitative Content Analysis of News Articles,Applications of Blockchain Technology in E-Business Value Chains,,,,10.1007/978-3-658-48318-0_4,Josepha Witt,2025,https://link.springer.com/chapter/10.1007/978-3-658-48318-0_4,Chapter
Management as a design practice: a multi-case study on designing value co-creation mechanisms,Journal of Innovation and Entrepreneurship,,,,10.1186/s13731-025-00510-y,Xinya You,2025,https://link.springer.com/article/10.1186/s13731-025-00510-y,Article
Meeting Abstracts from the 5th National Big Data Health Science Conference,BMC Proceedings,,,,10.1186/s12919-024-00292-3,,2024,https://link.springer.com/article/10.1186/s12919-024-00292-3,Article
Abstracts for MASCC/ISOO Annual Meeting 2025,Supportive Care in Cancer,,,,10.1007/s00520-025-09559-7,,2025,https://link.springer.com/article/10.1007/s00520-025-09559-7,Article
Mapping Key Facts of Ghana’s Higher Education System,Higher Education in Sub-Saharan Africa in the 21st Century,,,,10.1007/978-981-99-3212-2_11,Patrick SwanzyFredua Kwasi-Agyeman,2023,https://link.springer.com/chapter/10.1007/978-981-99-3212-2_11,Chapter
How artificial intelligence will transform project management in the age of digitization: a systematic literature review,Management Review Quarterly,,,,10.1007/s11301-024-00418-z,Maria Elena NenniFabio De FeliceCristina De LucaAntonio Forcina,2024,https://link.springer.com/article/10.1007/s11301-024-00418-z,Article
Teaching Language Through Critical Thinking Strategies,Critical Thinking for Professional and Language Education,,,,10.1007/978-3-031-37951-2_3,K. Venkat ReddyG. Suvarna Lakshmi,2024,https://link.springer.com/chapter/10.1007/978-3-031-37951-2_3,Chapter
New Industrial Landscape: Implications for Industrial Policy and Japanese Industrial Development Cooperation,Introducing Foreign Models for Development,,,,10.1007/978-981-99-4238-1_10,Toru Homma,2024,https://link.springer.com/chapter/10.1007/978-981-99-4238-1_10,Chapter
Welcome to the Translation Machine! Translation Labour in Times of Techno-Triumphalism,Translation and Neoliberalism,,,,10.1007/978-3-031-73830-2_8,Stefan Baumgarten,2024,https://link.springer.com/chapter/10.1007/978-3-031-73830-2_8,Chapter
52nd ESCP Symposium on Clinical Pharmacy. Implementing and scaling sustainable clinical pharmacy practice,International Journal of Clinical Pharmacy,,,,10.1007/s11096-025-01891-6,,2025,https://link.springer.com/article/10.1007/s11096-025-01891-6,Article
"The American Society of Breast Surgeons Official Proceedings, Volume XXV 2024 Annual Meeting Scientific Session Abstracts",Annals of Surgical Oncology,,,,10.1245/s10434-024-15410-w,,2024,https://link.springer.com/article/10.1245/s10434-024-15410-w,Article
From Lecture Hall to Homeroom: Co-Designing an AI Elective with Middle School CS Teachers,International Journal of Artificial Intelligence in Education,,,,10.1007/s40593-024-00449-3,William GelderXueru YuDavid TouretzkyChristina Gardner-McCuneJudith Uchidiuno,2025,https://link.springer.com/article/10.1007/s40593-024-00449-3,Article
"Territories, Digitalization, and Maps—Algorithm of Space","Digital Geographies—Urbanisation, Economy, and Modelling",,,,10.1007/978-981-97-9278-8_1,Abdul Shaban,2024,https://link.springer.com/chapter/10.1007/978-981-97-9278-8_1,Chapter
17th International Congress of Behavioral Medicine,International Journal of Behavioral Medicine,,,,10.1007/s12529-023-10200-2,,2023,https://link.springer.com/article/10.1007/s12529-023-10200-2,Article
Proceedings of the 17<sup>th</sup> Annual Conference on the Science of Dissemination and Implementation in Health,Implementation Science,,,,10.1186/s13012-025-01433-8,,2025,https://link.springer.com/article/10.1186/s13012-025-01433-8,Article
A systematic review of object detection from images using deep learning,Multimedia Tools and Applications,,,,10.1007/s11042-023-15981-y,Jaskirat KaurWilliamjeet Singh,2023,https://link.springer.com/article/10.1007/s11042-023-15981-y,Article
The AI Ecosystem of Shanghai,The Use of Artificial Intelligence in the Public Sector in Shanghai,,,,10.1007/978-981-97-0597-9_4,Diego Todaro,2024,https://link.springer.com/chapter/10.1007/978-981-97-0597-9_4,Chapter
United States of America,International Handbook of Universities 2019,,,,10.1057/978-3-319-76971-4_190,,2019,https://link.springer.com/rwe/10.1057/978-3-319-76971-4_190,Reference work entry
Abstracts from the 6th International Scientific Conference on Exercise and Quality of Life,BMC Proceedings,,,,10.1186/s12919-024-00297-y,,2024,https://link.springer.com/article/10.1186/s12919-024-00297-y,Article
Abstracts for MASCC/AFSOS/ISOO Annual Meeting 2024,Supportive Care in Cancer,,,,10.1007/s00520-024-08541-z,,2024,https://link.springer.com/article/10.1007/s00520-024-08541-z,Article
"Lighting Control, Monitoring and Management",Lighting Technology,,,,10.1007/978-3-031-09940-3_4,Rainer KlingDirk SeifertArasch HonarbachtMichael Böhnel,2024,https://link.springer.com/chapter/10.1007/978-3-031-09940-3_4,Chapter
Subjects for Successful Careers,Management Careers Made in Germany,,,,10.1007/978-981-13-7135-6_4,Alexander P. HansenAnnette DollAjit Varma,2019,https://link.springer.com/chapter/10.1007/978-981-13-7135-6_4,Chapter
"World Congress on Osteoporosis, Osteoarthritis and Musculoskeletal Diseases (WCO-IOF-ESCEO 2024)",Aging Clinical and Experimental Research,,,,10.1007/s40520-024-02766-y,,2024,https://link.springer.com/article/10.1007/s40520-024-02766-y,Article
India,International Handbook of Universities 2019,,,,10.1057/978-3-319-76971-4_89,,2019,https://link.springer.com/rwe/10.1057/978-3-319-76971-4_89,Reference work entry
Abstracts of the 20th Congress of the European Geriatric Medicine Society,European Geriatric Medicine,,,,10.1007/s41999-024-01090-y,,2024,https://link.springer.com/article/10.1007/s41999-024-01090-y,Article
Abstracts of the 16th International E-Congress of the European Geriatric Medicine Society,European Geriatric Medicine,,,,10.1007/s41999-020-00428-6,,2020,https://link.springer.com/article/10.1007/s41999-020-00428-6,Article
International Conference on Prevention and Infection Control 2023,Antimicrobial Resistance & Infection Control,,,,10.1186/s13756-023-01276-2,,2023,https://link.springer.com/article/10.1186/s13756-023-01276-2,Article
Abstracts from the 2023 Annual Meeting of the Society of General Internal Medicine,Journal of General Internal Medicine,,,,10.1007/s11606-023-08226-z,,2023,https://link.springer.com/article/10.1007/s11606-023-08226-z,Article
Contexts of Co-creation: Designing with System Stakeholders,Systemic Design,,,,10.1007/978-4-431-55639-8_1,Peter Jones,2018,https://link.springer.com/chapter/10.1007/978-4-431-55639-8_1,Chapter
The Grants Register,The Grants Register 2017,,,,10.1007/978-1-349-70229-9_1,Ruth Lefevre,2016,https://link.springer.com/rwe/10.1007/978-1-349-70229-9_1,Reference work entry
The Grants Register,The Grants Register 2016,,,,10.1007/978-1-349-68305-5_1,,2015,https://link.springer.com/chapter/10.1007/978-1-349-68305-5_1,Chapter
Subject and Eligibility Guide to Awards,The Grants Register 2017,,,,10.1007/978-1-349-70229-9_2,Ruth Lefevre,2016,https://link.springer.com/rwe/10.1007/978-1-349-70229-9_2,Reference work entry
Subject and Eligibility Guide to Awards,The Grants Register 2016,,,,10.1007/978-1-349-68305-5_2,,2015,https://link.springer.com/chapter/10.1007/978-1-349-68305-5_2,Chapter
Globalization Practices in Asia Pacific Universities,The Dynamics of Higher Education Development in East Asia,,,,10.1057/9781137347374_9,Molly N. N. Lee,2013,https://link.springer.com/chapter/10.1057/9781137347374_9,Chapter
Disaster Education in Bangladesh: Opportunities and Challenges,Disaster Risk Reduction Approaches in Bangladesh,,,,10.1007/978-4-431-54252-0_14,Umma HabibaMd. Anwarul AbedinRajib Shaw,2013,https://link.springer.com/chapter/10.1007/978-4-431-54252-0_14,Chapter
Building the Evidence Base for Chronic Disease Self-management Support Interventions Across Canada,Canadian Journal of Public Health,,,,10.1007/BF03405639,Sharon JohnstonClare LiddyKarina MillHannah Irving,2012,https://link.springer.com/article/10.1007/BF03405639,Article
Abstracts,Annals of Behavioral Medicine,,,,10.1007/s12160-015-9766-4,,2016,https://link.springer.com/article/10.1007/s12160-015-9766-4,Article
Abstracts,Annals of Behavioral Medicine,,,,10.1007/s12160-015-9688-1,,2015,https://link.springer.com/article/10.1007/s12160-015-9688-1,Article
Self-management Support: A New Approach Still Anchored in an Old Model of Health Care,Canadian Journal of Public Health,,,,10.1007/BF03404881,Sharon E. JohnstonClare E. LiddySarah M. Ives,2011,https://link.springer.com/article/10.1007/BF03404881,Article
Milestones in the History and Worldwide Evolution of Action Learning,Action Learning,,,,10.1057/9780230250734_6,Yury BoshykAlbert E. BarkerRobert L. Dilworth,2010,https://link.springer.com/chapter/10.1057/9780230250734_6,Chapter
Abstracts from the 31st Annual Meeting of the Society of General Internal Medicine,Journal of General Internal Medicine,,,,10.1007/s11606-008-0556-6,,2008,https://link.springer.com/article/10.1007/s11606-008-0556-6,Article
Internet-mediated distance-learning education in China as an alternative to traditional paradigms of market entry,"Knowledge, Technology & Policy",,,,10.1007/s12130-004-1007-2,Jonatan JelenIlan Alon,2004,https://link.springer.com/article/10.1007/s12130-004-1007-2,Article
Organizational Responses to Institutional Pressures,Inside the “Knowledge Factory”,,,,10.1007/978-3-322-81180-6_8,Heinke Röbken,2004,https://link.springer.com/chapter/10.1007/978-3-322-81180-6_8,Chapter
"Borderless Higher Education: Challenges to Regulation, Accreditation and Intellectual Property Rights",Minerva,,,,10.1023/A:1010322318781,Dennis J. Farrington,2001,https://link.springer.com/article/10.1023/A:1010322318781,Article
Low Cost Multi-Media for Distance Learning,Educational Innovation in Economics and Business III,,,,10.1007/978-94-017-1388-7_19,Paul R. Gamble,1998,https://link.springer.com/chapter/10.1007/978-94-017-1388-7_19,Chapter
The Grants Register,The Grants Register,,,,10.1007/978-1-349-14700-7_1,Sara Hackwood,1999,https://link.springer.com/chapter/10.1007/978-1-349-14700-7_1,Chapter
Subject and Eligibility Guide to Awards,The Grants Register,,,,10.1007/978-1-349-14700-7_2,Sara Hackwood,1999,https://link.springer.com/chapter/10.1007/978-1-349-14700-7_2,Chapter
The Grants Register,The Grants Register® 1999,,,,10.1007/978-1-349-26493-3_2,Ruth Austin,1998,https://link.springer.com/chapter/10.1007/978-1-349-26493-3_2,Chapter
The Grants Register,The Grants Register® 1998,,,,10.1007/978-1-349-13887-6_2,Ruth Austin,1997,https://link.springer.com/chapter/10.1007/978-1-349-13887-6_2,Chapter
The Grants Register,The Grants Register 1997,,,,10.1007/978-1-349-24785-1_2,Ruth Austin,1996,https://link.springer.com/chapter/10.1007/978-1-349-24785-1_2,Chapter
Effects of gender and other factors on rank of law professors in colleges of business: Evidence of a glass ceiling,Journal of Business Ethics,,,,10.1007/BF00881309,Bruce D. FisherSteve MotowidloSteve Werner,1993,https://link.springer.com/article/10.1007/BF00881309,Article
Company Profiles,The Corporate Directory of U.S. Public Companies,,,,10.1007/978-1-349-13574-5_1,Robert M. Walsh,1994,https://link.springer.com/chapter/10.1007/978-1-349-13574-5_1,Chapter
C,The Grants Register 1991–1993,,,,10.1007/978-1-349-10529-8_3,Lisa Williams,1990,https://link.springer.com/chapter/10.1007/978-1-349-10529-8_3,Chapter
United Kingdom of Great Britain and Northern Ireland,The Statesman’s Year-Book,,,,10.1057/9780230271104_165,John Paxton,1981,https://link.springer.com/chapter/10.1057/9780230271104_165,Chapter
United Kingdom of Great Britain and Northern Ireland,The Statesman’s Year-Book,,,,10.1057/9780230271098_167,John Paxton,1980,https://link.springer.com/chapter/10.1057/9780230271098_167,Chapter